00x0L,chmod_or_fchmod,acl.idb
00x54L,file_has_acl,acl.idb
00x7cL,copy_acl,acl.idb
00xf4L,set_acl,acl.idb
10x0L,mallocsa,allocsa.idb
10xd4L,freesa,allocsa.idb
20x0L,__argmatch_die,argmatch.idb
20x18L,argmatch,argmatch.idb
20x178L,argmatch_invalid,argmatch.idb
20x1fcL,argmatch_valid,argmatch.idb
20x340L,__xargmatch_internal,argmatch.idb
20x3c0L,argmatch_to_argument,argmatch.idb
30x0L,asnprintf,asnprintf.idb
40x0L,check_extension,backupfile.idb
40x180L,numbered_backup,backupfile.idb
40x57cL,find_backup_file_name,backupfile.idb
40x6d8L,get_version,backupfile.idb
40x75cL,xget_version,backupfile.idb
50x0L,to_uchar,base64.idb
50x28L,base64_encode,base64.idb
50x2c0L,base64_encode_alloc,base64.idb
50x37cL,isbase64,base64.idb
50x3ccL,base64_decode,base64.idb
50x74cL,base64_decode_alloc,base64.idb
60x0L,last_component,basename.idb
60xb4L,base_name,basename.idb
60x14cL,base_len,basename.idb
70x0L,buffer_lcm,buffer-lcm.idb
80x0L,c_strtod,c-strtod.idb
90x0L,c_strtold,c-strtold.idb
100x0L,rpl_calloc,calloc.idb
110x0L,canon_host,canon-host.idb
110x30L,canon_host_r,canon-host.idb
110x114L,ch_strerror,canon-host.idb
120x0L,canonicalize_filename_mode,canonicalize.idb
130x0L,cdb_init,chdir-long.idb
130x2cL,cdb_fchdir,chdir-long.idb
130x5cL,cdb_free,chdir-long.idb
130xe0L,cdb_advance_fd,chdir-long.idb
130x148L,find_non_slash,chdir-long.idb
130x184L,chdir_long,chdir-long.idb
140x0L,rpl_chown,chown.idb
150x0L,set_cloexec_flag,cloexec.idb
160x0L,close_stream,close-stream.idb
170x0L,close_stdout_set_file_name,closeout.idb
170x30L,close_stdout,closeout.idb
180x0L,creat_safer,creat-safer.idb
190x0L,is_zero_or_power_of_two,cycle-check.idb
190x4cL,cycle_check_init,cycle-check.idb
190x8cL,cycle_check,cycle-check.idb
210x0L,dirchownmod,dirchownmod.idb
220x0L,dir_len,dirname.idb
220xc4L,dir_name,dirname.idb
230x0L,dup_safer,dup-safer.idb
240x0L,euidaccess_stat,euidaccess-stat.idb
250x0L,new_exclude,exclude.idb
250x1cL,free_exclude,exclude.idb
250x50L,fnmatch_no_wildcards,exclude.idb
250x140L,exclude_fnmatch,exclude.idb
250x254L,excluded_file_name,exclude.idb
250x370L,add_exclude,exclude.idb
250x414L,add_exclude_file,exclude.idb
270x0L,lchmod_rpl,fchmodat.idb
270x34L,fchmodat,fchmodat.idb
280x0L,fd_reopen,fd-reopen.idb
290x0L,fd_safer,fd-safer.idb
300x0L,file_type,file-type.idb
310x0L,ftypelet,filemode.idb
310xccL,strmode,filemode.idb
310x31cL,filemodestring,filemode.idb
320x0L,longest_relative_suffix,filenamecat.idb
320x44L,file_name_concat,filenamecat.idb
330x0L,internal_fnmatch,fnmatch.idb
330xe88L,end_pattern,fnmatch.idb
330x1058L,ext_match,fnmatch.idb
330x19a4L,is_char_class,fnmatch.idb
330x1a84L,internal_fnwmatch,fnmatch.idb
330x28dcL,end_wpattern,fnmatch.idb
330x2aacL,ext_wmatch,fnmatch.idb
330x3428L,gnu_fnmatch,fnmatch.idb
340x0L,fopen_safer,fopen-safer.idb
350x0L,fwrite_lowcase,fprintftime.idb
350x68L,fwrite_uppcase,fprintftime.idb
350xd0L,iso_week_days,fprintftime.idb
350x150L,strftime_case_,fprintftime.idb
350x2a40L,fprintftime,fprintftime.idb
360x0L,AD_compare,fts.idb
360x80L,AD_hash,fts.idb
360xc4L,setup_dir,fts.idb
360x18cL,enter_dir,fts.idb
360x2ccL,leave_dir,fts.idb
360x40cL,free_dir,fts.idb
360x478L,fd_ring_clear,fts.idb
360x4d4L,fts_set_stat_required,fts.idb
360x534L,opendirat,fts.idb
360x5c0L,cwd_advance_fd,fts.idb
360x684L,diropen,fts.idb
360x70cL,fts_open,fts.idb
360xb2cL,fts_load,fts.idb
360xbf0L,fts_close,fts.idb
360xd7cL,fts_read,fts.idb
360x1598L,fts_set,fts.idb
360x1628L,fts_children,fts.idb
360x1810L,fts_build,fts.idb
360x216cL,fts_stat,fts.idb
360x2354L,fts_compar,fts.idb
360x23a4L,fts_sort,fts.idb
360x24ecL,fts_alloc,fts.idb
360x259cL,fts_lfree,fts.idb
360x25ccL,fts_palloc,fts.idb
360x26b8L,fts_padjust,fts.idb
360x27f4L,fts_maxarglen,fts.idb
360x286cL,fts_safe_changedir,fts.idb
370x0L,full_read,full-read.idb
380x0L,full_write,full-write.idb
390x0L,rpl_getcwd,getcwd.idb
400x0L,yydestruct,getdate.idb
400x48L,yyparse,getdate.idb
400x1ba4L,time_zone_hhmm,getdate.idb
400x1c6cL,to_hour,getdate.idb
400x1d44L,to_year,getdate.idb
400x1dc4L,lookup_zone,getdate.idb
400x1ee4L,lookup_word,getdate.idb
400x2330L,yylex,getdate.idb
400x29b8L,yyerror,getdate.idb
400x29e0L,mktime_ok,getdate.idb
400x2ad0L,get_tz,getdate.idb
400x2b58L,get_date,getdate.idb
410x0L,rpl_getgroups,getgroups.idb
420x0L,xtime_make,gethrxtime.idb
420x70L,gethrxtime,gethrxtime.idb
430x0L,getndelim2,getndelim2.idb
440x0L,call_fclose,getpass.idb
440x30L,gnu_getpass,getpass.idb
450x0L,gettime,gettime.idb
460x0L,rpl_localtime,gettimeofday.idb
460x4cL,rpl_gmtime,gettimeofday.idb
460x98L,rpl_gettimeofday,gettimeofday.idb
460x150L,rpl_tzset,gettimeofday.idb
470x0L,getugroups,getugroups.idb
480x0L,hard_locale,hard-locale.idb
490x0L,hash_pjw,hash-pjw.idb
500x0L,hash_get_n_buckets,hash.idb
500x28L,hash_get_n_buckets_used,hash.idb
500x50L,hash_get_n_entries,hash.idb
500x78L,hash_get_max_bucket_length,hash.idb
500x134L,hash_table_ok,hash.idb
500x220L,hash_print_statistics,hash.idb
500x310L,hash_lookup,hash.idb
500x3f0L,hash_get_first,hash.idb
500x474L,hash_get_next,hash.idb
500x57cL,hash_get_entries,hash.idb
500x650L,hash_do_for_each,hash.idb
500x724L,hash_string,hash.idb
500x7a4L,is_prime,hash.idb
500x858L,next_prime,hash.idb
500x8c4L,hash_reset_tuning,hash.idb
500x904L,check_tuning,hash.idb
500xa90L,hash_initialize,hash.idb
500xc94L,hash_clear,hash.idb
500xdc8L,hash_free,hash.idb
500xf38L,allocate_entry,hash.idb
500xf98L,free_entry,hash.idb
500xfe4L,hash_find_entry,hash.idb
500x11b0L,hash_rehash,hash.idb
500x1420L,hash_insert,hash.idb
500x16d8L,hash_delete,hash.idb
510x0L,adjust_value,human.idb
510xc8L,group_number,human.idb
510x1f0L,human_readable,human.idb
510xd68L,default_block_size,human.idb
510xda8L,humblock,human.idb
510xfacL,human_options,human.idb
520x0L,i_ring_init,i-ring.idb
520x88L,i_ring_empty,i-ring.idb
520xb0L,i_ring_push,i-ring.idb
520x170L,i_ring_pop,i-ring.idb
530x0L,getuser,idcache.idb
530xccL,getuidbyname,idcache.idb
530x214L,getgroup,idcache.idb
530x2dcL,getgidbyname,idcache.idb
540x0L,imaxtostr,imaxtostr.idb
550x0L,isapipe,isapipe.idb
560x0L,initbuffer,linebuffer.idb
560x2cL,readlinebuffer,linebuffer.idb
560x19cL,freebuffer,linebuffer.idb
570x0L,get_charset_aliases,localcharset.idb
570x3f4L,locale_charset,localcharset.idb
580x0L,parse_long_options,long-options.idb
590x0L,rpl_lstat,lstat.idb
600x0L,rpl_malloc,malloc.idb
620x0L,gnu_mbswidth,mbswidth.idb
620x40L,mbsnwidth,mbswidth.idb
630x0L,md5_init_ctx,md5.idb
630x88L,md5_read_ctx,md5.idb
630xfcL,md5_finish_ctx,md5.idb
630x244L,md5_stream,md5.idb
630x3a4L,md5_buffer,md5.idb
630x3fcL,md5_process_bytes,md5.idb
630x674L,md5_process_block,md5.idb
640x0L,memcasecmp,memcasecmp.idb
650x0L,memcmp_bytes,memcmp.idb
650x80L,memcmp_common_alignment,memcmp.idb
650x2fcL,memcmp_not_common_alignment,memcmp.idb
650x680L,rpl_memcmp,memcmp.idb
660x0L,memcoll,memcoll.idb
670x0L,memxfrm,memxfrm.idb
680x0L,mkancesdirs,mkancesdirs.idb
690x0L,savewd_errno,mkdir-p.idb
690x40L,make_dir_parents,mkdir-p.idb
700x0L,rpl_mkdir,mkdir.idb
710x0L,mkdirat,mkdirat.idb
720x0L,mkstemp_safer,mkstemp-safer.idb
730x0L,rpl_mkstemp,mkstemp.idb
740x0L,leapyear,mktime.idb
740x90L,ydhms_diff,mktime.idb
740x2f4L,guess_time_tm,mktime.idb
740x438L,ranged_convert,mktime.idb
740x594L,mktime_internal,mktime.idb
740xd24L,rpl_mktime,mktime.idb
750x0L,octal_to_mode,modechange.idb
750x24L,make_node_op_equals,modechange.idb
750xa4L,mode_compile,modechange.idb
750x568L,mode_create_from_ref,modechange.idb
750x5c0L,mode_adjust,modechange.idb
760x0L,dev_from_mount_options,mountlist.idb
760x2cL,read_file_system_list,mountlist.idb
770x0L,sighandler,nanosleep.idb
770x30L,my_usleep,nanosleep.idb
770xf0L,rpl_nanosleep,nanosleep.idb
790x0L,offtostr,offtostr.idb
800x0L,open_safer,open-safer.idb
810x0L,openat_save_fail,openat-die.idb
810x34L,openat_restore_fail,openat-die.idb
820x0L,openat_proc_name,openat-proc.idb
830x0L,physmem_total,physmem.idb
830xb8L,physmem_available,physmem.idb
840x0L,pipe_safer,pipe-safer.idb
850x0L,year,posixtm.idb
850x134L,posix_time_parse,posixtm.idb
850x4acL,posixtime,posixtm.idb
860x0L,posix2_version,posixver.idb
870x0L,printf_fetchargs,printf-args.idb
880x0L,printf_parse,printf-parse.idb
890x0L,unsetenv,putenv.idb
890x11cL,rpl_putenv,putenv.idb
900x0L,quote_n,quote.idb
900x34L,quote,quote.idb
910x0L,clone_quoting_options,quotearg.idb
910x6cL,get_quoting_style,quotearg.idb
910xacL,set_quoting_style,quotearg.idb
910xf4L,set_char_quoting,quotearg.idb
910x1b4L,gettext_quote,quotearg.idb
910x20cL,quotearg_buffer_restyled,quotearg.idb
910x10bcL,quotearg_buffer,quotearg.idb
910x1154L,quotearg_alloc,quotearg.idb
910x11ecL,quotearg_free,quotearg.idb
910x12d4L,quotearg_n_options,quotearg.idb
910x1510L,quotearg_n,quotearg.idb
910x154cL,quotearg,quotearg.idb
910x1578L,quoting_options_from_style,quotearg.idb
910x15dcL,quotearg_n_style,quotearg.idb
910x1628L,quotearg_n_style_mem,quotearg.idb
910x1678L,quotearg_style,quotearg.idb
910x16acL,quotearg_char,quotearg.idb
910x1724L,quotearg_colon,quotearg.idb
920x0L,isaac_refill,rand-isaac.idb
920x5a4L,isaac_mix,rand-isaac.idb
920xa04L,isaac_seed_start,rand-isaac.idb
920xa7cL,isaac_seed_data,rand-isaac.idb
920xc04L,isaac_seed_finish,rand-isaac.idb
920xc4cL,isaac_seed,rand-isaac.idb
930x0L,randint_new,randint.idb
930x58L,randint_all_new,randint.idb
930xa8L,randint_get_source,randint.idb
930xd0L,shift_left,randint.idb
930x104L,randint_genmax,randint.idb
930x334L,randint_free,randint.idb
930x368L,randint_all_free,randint.idb
940x0L,randint_choose,randperm.idb
940x40L,ceil_lg,randperm.idb
940xa0L,randperm_bound,randperm.idb
940xf0L,randperm_new,randperm.idb
950x0L,randread_error,randread.idb
950x7cL,simple_new,randread.idb
950xd8L,randread_new,randread.idb
950x1d8L,randread_set_handler,randread.idb
950x208L,randread_set_handler_arg,randread.idb
950x238L,readsource,randread.idb
950x308L,readisaac,randread.idb
950x464L,randread,randread.idb
950x4c4L,randread_free,randread.idb
960x0L,init_tokenbuffer,readtokens.idb
960x38L,readtoken,readtokens.idb
960x2e0L,readtokens,readtokens.idb
970x0L,readtokens0_init,readtokens0.idb
970xa8L,readtokens0_free,readtokens0.idb
970x1fcL,save_token,readtokens0.idb
970x3f8L,readtokens0,readtokens0.idb
980x0L,extract_trimmed_name,readutmp.idb
980xacL,desirable_utmp_entry,readutmp.idb
980x1a0L,read_utmp,readutmp.idb
990x0L,rpl_realloc,realloc.idb
1000x0L,bitset_set,regex.idb
1000x60L,bitset_clear,regex.idb
1000xc4L,bitset_contain,regex.idb
1000x120L,bitset_empty,regex.idb
1000x14cL,bitset_set_all,regex.idb
1000x178L,bitset_copy,regex.idb
1000x1a8L,bitset_not,regex.idb
1000x218L,bitset_merge,regex.idb
1000x2a0L,bitset_mask,regex.idb
1000x328L,re_string_char_size_at,regex.idb
1000x3ccL,re_string_wchar_at,regex.idb
1000x430L,re_string_elem_size_at,regex.idb
1000x458L,re_string_allocate,regex.idb
1000x5b8L,re_string_construct,regex.idb
1000x7bcL,re_string_realloc_buffers,regex.idb
1000x944L,re_string_construct_common,regex.idb
1000xa4cL,build_wcs_buffer,regex.idb
1000xd50L,build_wcs_upper_buffer,regex.idb
1000x1848L,re_string_skip_chars,regex.idb
1000x19dcL,build_upper_buffer,regex.idb
1000x1b24L,re_string_translate_buffer,regex.idb
1000x1bf4L,re_string_reconstruct,regex.idb
1000x2844L,re_string_peek_byte_case,regex.idb
1000x2a10L,re_string_fetch_byte_case,regex.idb
1000x2bccL,re_string_destruct,regex.idb
1000x2c28L,re_string_context_at,regex.idb
1000x2e14L,re_node_set_alloc,regex.idb
1000x2e98L,re_node_set_init_1,regex.idb
1000x2f40L,re_node_set_init_2,regex.idb
1000x304cL,re_node_set_init_copy,regex.idb
1000x3140L,re_node_set_add_intersect,regex.idb
1000x35d8L,re_node_set_init_union,regex.idb
1000x3954L,re_node_set_merge,regex.idb
1000x3d9cL,re_node_set_insert,regex.idb
1000x3fe8L,re_node_set_insert_last,regex.idb
1000x40bcL,re_node_set_compare,regex.idb
1000x4184L,re_node_set_contains,regex.idb
1000x4278L,re_node_set_remove_at,regex.idb
1000x4320L,re_dfa_add_node,regex.idb
1000x46e8L,calc_state_hash,regex.idb
1000x4774L,re_acquire_state,regex.idb
1000x48d4L,re_acquire_state_context,regex.idb
1000x4a48L,register_state,regex.idb
1000x4c50L,free_state,regex.idb
1000x4d00L,create_ci_newstate,regex.idb
1000x4f4cL,create_cd_newstate,regex.idb
1000x5324L,rpl_re_compile_pattern,regex.idb
1000x53e4L,rpl_re_set_syntax,regex.idb
1000x5424L,rpl_re_compile_fastmap,regex.idb
1000x5524L,re_compile_fastmap_iter,regex.idb
1000x5c54L,rpl_regcomp,regex.idb
1000x5e38L,rpl_regerror,regex.idb
1000x5f40L,free_dfa_content,regex.idb
1000x61f4L,rpl_regfree,regex.idb
1000x6290L,re_compile_internal,regex.idb
1000x65f8L,init_dfa,regex.idb
1000x69acL,init_word_char,regex.idb
1000x6a98L,free_workarea_compile,regex.idb
1000x6b38L,create_initial_state,regex.idb
1000x6f04L,optimize_utf8,regex.idb
1000x722cL,analyze,regex.idb
1000x769cL,postorder_0,regex.idb
1000x789cL,optimize_subexps,regex.idb
1000x7a1cL,lower_subexps,regex.idb
1000x7b20L,lower_subexp,regex.idb
1000x7d70L,calc_first,regex.idb
1000x7e2cL,calc_next,regex.idb
1000x7f00L,link_nfa_nodes,regex.idb
1000x81f4L,duplicate_node_closure,regex.idb
1000x87ccL,search_duplicated_node,regex.idb
1000x88b4L,duplicate_node,regex.idb
1000x8a6cL,calc_inveclosure,regex.idb
1000x8be4L,calc_eclosure,regex.idb
1000x8d10L,calc_eclosure_iter,regex.idb
1000x9160L,fetch_token,regex.idb
1000x91acL,peek_token,regex.idb
1000x9ee8L,peek_token_bracket,regex.idb
1000xa198L,parse,regex.idb
1000xa2f4L,parse_reg_exp,regex.idb
1000xa4c0L,parse_branch,regex.idb
1000xa670L,parse_expression,regex.idb
1000xb00cL,parse_sub_exp,regex.idb
1000xb1acL,parse_dup_op,regex.idb
1000xb730L,build_range_exp,regex.idb
1000xbc14L,build_collating_symbol,regex.idb
1000xbc84L,parse_bracket_exp,regex.idb
1000xc5a8L,parse_bracket_element,regex.idb
1000xc71cL,parse_bracket_symbol,regex.idb
1000xc8d4L,build_equiv_class,regex.idb
1000xc940L,build_charclass,regex.idb
1000xd6c8L,build_charclass_op,regex.idb
1000xd97cL,fetch_number,regex.idb
1000xdaa8L,free_charset,regex.idb
1000xdaecL,create_tree,regex.idb
1000xdb38L,create_token_tree,regex.idb
1000xdca8L,mark_opt_subexp,regex.idb
1000xdd0cL,free_token,regex.idb
1000xdd9cL,free_tree,regex.idb
1000xddd0L,duplicate_tree,regex.idb
1000xdf24L,rpl_regexec,regex.idb
1000xe054L,rpl_re_match,regex.idb
1000xe0b4L,rpl_re_search,regex.idb
1000xe114L,rpl_re_match_2,regex.idb
1000xe184L,rpl_re_search_2,regex.idb
1000xe1f4L,re_search_2_stub,regex.idb
1000xe338L,re_search_stub,regex.idb
1000xe790L,re_copy_regs,regex.idb
1000xeab4L,rpl_re_set_registers,regex.idb
1000xeb60L,re_search_internal,regex.idb
1000xfa40L,prune_impossible_nodes,regex.idb
1000xfd84L,check_matching,regex.idb
1000x10360L,check_halt_node_context,regex.idb
1000x10488L,check_halt_state_context,regex.idb
1000x1054cL,proceed_next_node,regex.idb
1000x10a70L,push_fail_stack,regex.idb
1000x10c54L,pop_fail_stack,regex.idb
1000x10dc4L,set_regs,regex.idb
1000x111ccL,free_fail_stack_return,regex.idb
1000x1128cL,update_regs,regex.idb
1000x1144cL,sift_states_backward,regex.idb
1000x11648L,build_sifted_states,regex.idb
1000x118a0L,clean_state_log_if_needed,regex.idb
1000x11990L,merge_state_array,regex.idb
1000x11b0cL,update_cur_sifted_state,regex.idb
1000x11d44L,add_epsilon_src_nodes,regex.idb
1000x11e90L,sub_11E90,regex.idb
1000x1216cL,check_dst_limits,regex.idb
1000x122e4L,check_dst_limits_calc_pos_1,regex.idb
1000x125f4L,check_dst_limits_calc_pos,regex.idb
1000x126f8L,check_subexp_limits,regex.idb
1000x12b0cL,sift_states_bkref,regex.idb
1000x12facL,sift_states_iter_mb,regex.idb
1000x130a0L,transit_state,regex.idb
1000x13250L,merge_state_with_log,regex.idb
1000x13508L,find_recover_state,regex.idb
1000x135ccL,check_subexp_matching_top,regex.idb
1000x136f0L,transit_state_mb,regex.idb
1000x13b18L,transit_state_bkref,regex.idb
1000x1410cL,get_subexp,regex.idb
1000x146f4L,get_subexp_sub,regex.idb
1000x147f0L,find_subexp_node,regex.idb
1000x148b4L,check_arrival,regex.idb
1000x15048L,check_arrival_add_next_nodes,regex.idb
1000x15350L,check_arrival_expand_ecl,regex.idb
1000x15504L,check_arrival_expand_ecl_sub,regex.idb
1000x1570cL,expand_bkref_cache,regex.idb
1000x15b2cL,build_trtable,regex.idb
1000x16620L,group_nodes_into_DFAstates,regex.idb
1000x17058L,check_node_accept_bytes,regex.idb
1000x17624L,check_node_accept,regex.idb
1000x17888L,extend_buffers,regex.idb
1000x17a10L,match_ctx_init,regex.idb
1000x17b54L,match_ctx_clean,regex.idb
1000x17c7cL,match_ctx_free,regex.idb
1000x17cc0L,match_ctx_add_entry,regex.idb
1000x17facL,search_cur_bkref_entry,regex.idb
1000x180a8L,match_ctx_add_subtop,regex.idb
1000x18220L,match_ctx_add_sublast,regex.idb
1000x1835cL,sift_ctx_init,regex.idb
1010x0L,has_trailing_slash,rename-dest-slash.idb
1010xa4L,rpl_rename_dest_slash,rename-dest-slash.idb
1020x0L,rpl_rename,rename.idb
1030x0L,get_root_dev_ino,root-dev-ino.idb
1040x0L,safe_read,safe-read.idb
1050x0L,safe_write,safe-write.idb
1060x0L,same_name,same.idb
1070x0L,save_cwd,save-cwd.idb
1070x88L,restore_cwd,save-cwd.idb
1070xe0L,free_cwd,save-cwd.idb
1080x0L,savedirstream,savedir.idb
1080x214L,savedir,savedir.idb
1080x248L,fdsavedir,savedir.idb
1090x0L,savewd_init,savewd.idb
1090x2cL,savewd_save,savewd.idb
1090x1a0L,savewd_chdir,savewd.idb
1090x3d4L,savewd_restore,savewd.idb
1090x584L,savewd_finish,savewd.idb
1090x63cL,savewd_delegating,savewd.idb
1090x690L,savewd_process_files,savewd.idb
1100x0L,settime,settime.idb
1110x0L,sha1_init_ctx,sha1.idb
1110x98L,sha1_read_ctx,sha1.idb
1110x24cL,sha1_finish_ctx,sha1.idb
1110x440L,sha1_stream,sha1.idb
1110x5a0L,sha1_buffer,sha1.idb
1110x5f8L,sha1_process_bytes,sha1.idb
1110x870L,sha1_process_block,sha1.idb
1120x0L,sha256_init_ctx,sha256.idb
1120xc8L,sha224_init_ctx,sha256.idb
1120x190L,sha256_read_ctx,sha256.idb
1120x244L,sha224_read_ctx,sha256.idb
1120x2f8L,sha256_conclude_ctx,sha256.idb
1120x4e8L,sha256_finish_ctx,sha256.idb
1120x520L,sha224_finish_ctx,sha256.idb
1120x558L,sha256_stream,sha256.idb
1120x6b8L,sha224_stream,sha256.idb
1120x818L,sha256_buffer,sha256.idb
1120x870L,sha224_buffer,sha256.idb
1120x8c8L,sha256_process_bytes,sha256.idb
1120xb40L,sha256_process_block,sha256.idb
1130x0L,sha512_init_ctx,sha512.idb
1130x110L,sha384_init_ctx,sha512.idb
1130x220L,sha512_read_ctx,sha512.idb
1130x474L,sha384_read_ctx,sha512.idb
1130x6c8L,sha512_conclude_ctx,sha512.idb
1130xe64L,sha512_finish_ctx,sha512.idb
1130xe9cL,sha384_finish_ctx,sha512.idb
1130xed4L,sha512_stream,sha512.idb
1130x1034L,sha384_stream,sha512.idb
1130x1194L,sha512_buffer,sha512.idb
1130x11ecL,sha384_buffer,sha512.idb
1130x1244L,sha512_process_bytes,sha512.idb
1130x14bcL,sha512_process_block,sha512.idb
1130xf258L,sub_F258,sha512.idb
1140x0L,str2signum,sig2str.idb
1140x220L,str2sig,sig2str.idb
1140x270L,sig2str,sig2str.idb
1150x0L,is_basic,strcasecmp.idb
1150x60L,mbuiter_multi_next,strcasecmp.idb
1150x2acL,rpl_strcasecmp,strcasecmp.idb
1160x0L,memcpy_lowcase,strftime.idb
1160x70L,memcpy_uppcase,strftime.idb
1160xe0L,iso_week_days,strftime.idb
1160x160L,strftime_case_,strftime.idb
1160x2984L,nstrftime,strftime.idb
1170x0L,fraccompare,strintcmp.idb
1170x1e8L,numcompare,strintcmp.idb
1170x894L,strintcmp,strintcmp.idb
1180x0L,strip_trailing_slashes,stripslash.idb
1190x0L,rpl_strnlen,strnlen.idb
1200x0L,strnlen1,strnlen1.idb
1210x0L,fraccompare,strnumcmp.idb
1210x1e8L,numcompare,strnumcmp.idb
1210x894L,strnumcmp,strnumcmp.idb
1220x0L,rpl_strtod,strtod.idb
1230x0L,main,t-fpending.idb
1240x0L,gen_tempname,tempname.idb
1250x0L,uinttostr,uinttostr.idb
1260x0L,umaxtostr,umaxtostr.idb
1270x0L,utf8_wctomb,unicodeio.idb
1270x23cL,unicode_to_mb,unicodeio.idb
1270x4b8L,fwrite_success_callback,unicodeio.idb
1270x4fcL,exit_failure_callback,unicodeio.idb
1270x56cL,fallback_failure_callback,unicodeio.idb
1270x5d4L,print_unicode_char,unicodeio.idb
1290x0L,parse_with_separator,userspec.idb
1290x35cL,parse_user_spec,userspec.idb
1300x0L,utime_null,utime.idb
1300x154L,rpl_utime,utime.idb
1310x0L,get_stat_atime_ns,utimecmp.idb
1310x28L,get_stat_ctime_ns,utimecmp.idb
1310x50L,get_stat_mtime_ns,utimecmp.idb
1310x78L,dev_info_hash,utimecmp.idb
1310xbcL,dev_info_compare,utimecmp.idb
1310x114L,utimecmp,utimecmp.idb
1320x0L,gl_futimens,utimens.idb
1320x1c4L,utimens,utimens.idb
1330x0L,vasnprintf,vasnprintf.idb
1350x0L,version_etc_va,version-etc.idb
1350x20cL,version_etc,version-etc.idb
1360x0L,xalloc_die,xalloc-die.idb
1370x0L,xfts_open,xfts.idb
1380x0L,xgetcwd,xgetcwd.idb
1390x0L,xgethostname,xgethostname.idb
1400x0L,xnmalloc,xmalloc.idb
1400x5cL,xnrealloc,xmalloc.idb
1400xc0L,x2nrealloc,xmalloc.idb
1400x19cL,xcharalloc,xmalloc.idb
1400x1c4L,xmalloc,xmalloc.idb
1400x210L,xrealloc,xmalloc.idb
1400x260L,x2realloc,xmalloc.idb
1400x294L,xzalloc,xmalloc.idb
1400x2d0L,xcalloc,xmalloc.idb
1400x318L,xmemdup,xmalloc.idb
1400x358L,xstrdup,xmalloc.idb
1410x0L,xmemcoll,xmemcoll.idb
1420x0L,xmemxfrm,xmemxfrm.idb
1430x0L,xnanosleep,xnanosleep.idb
1440x0L,xreadlink,xreadlink.idb
1450x0L,xstrndup,xstrndup.idb
1460x0L,xstrtod,xstrtod.idb
1470x0L,bkm_scale,xstrtoimax.idb
1470xf8L,bkm_scale_by_power,xstrtoimax.idb
1470x15cL,xstrtoimax,xstrtoimax.idb
1480x0L,bkm_scale,xstrtol.idb
1480xa8L,bkm_scale_by_power,xstrtol.idb
1480x10cL,xstrtol,xstrtol.idb
1490x0L,xstrtold,xstrtold.idb
1500x0L,bkm_scale,xstrtoul.idb
1500x78L,bkm_scale_by_power,xstrtoul.idb
1500xdcL,xstrtoul,xstrtoul.idb
1510x0L,bkm_scale,xstrtoumax.idb
1510xacL,bkm_scale_by_power,xstrtoumax.idb
1510x110L,xstrtoumax,xstrtoumax.idb
1520x0L,yesno,yesno.idb
