openssl/openssl1.0.1f_arm32_gcc4.9_o0,3.0
openssl/openssl1.0.1f_arm32_gcc4.9_o1,3.1
openssl/openssl1.0.1f_arm32_gcc4.9_o2,3.2
openssl/openssl1.0.1f_arm32_gcc4.9_o3,3.3
openssl/openssl1.0.1f_arm64_gcc4.9_o0,3.4
openssl/openssl1.0.1f_arm64_gcc4.9_o1,3.5
openssl/openssl1.0.1f_arm64_gcc4.9_o2,3.6
openssl/openssl1.0.1f_arm64_gcc4.9_o3,3.7
openssl/openssl1.0.1f_arm32_gcc5.5_o0,3.8
openssl/openssl1.0.1f_arm32_gcc5.5_o1,3.9
openssl/openssl1.0.1f_arm32_gcc5.5_o2,3.10
openssl/openssl1.0.1f_arm32_gcc5.5_o3,3.11
openssl/openssl1.0.1f_arm64_gcc5.5_o0,3.12
openssl/openssl1.0.1f_arm64_gcc5.5_o1,3.13
openssl/openssl1.0.1f_arm64_gcc5.5_o2,3.14
openssl/openssl1.0.1f_arm64_gcc5.5_o3,3.15
openssl/openssl1.0.1f_mipsel32_gcc4.9_o0,3.16
openssl/openssl1.0.1f_mipsel32_gcc4.9_o1,3.17
openssl/openssl1.0.1f_mipsel32_gcc4.9_o2,3.18
openssl/openssl1.0.1f_mipsel32_gcc4.9_o3,3.19
openssl/openssl1.0.1f_mipsel32_gcc5.5_o0,3.20
openssl/openssl1.0.1f_mipsel32_gcc5.5_o1,3.21
openssl/openssl1.0.1f_mipsel32_gcc5.5_o2,3.22
openssl/openssl1.0.1f_mipsel32_gcc5.5_o3,3.23
openssl/openssl1.0.1f_i386_gcc4.9_o0,3.32
openssl/openssl1.0.1f_i386_gcc4.9_o1,3.33
openssl/openssl1.0.1f_i386_gcc4.9_o2,3.34
openssl/openssl1.0.1f_i386_gcc4.9_o3,3.35
openssl/openssl1.0.1f_i386_gcc5.5_o0,3.36
openssl/openssl1.0.1f_i386_gcc5.5_o1,3.37
openssl/openssl1.0.1f_i386_gcc5.5_o2,3.38
openssl/openssl1.0.1f_i386_gcc5.5_o3,3.39
openssl/openssl1.0.1f_x64_gcc4.9_o0,3.40
openssl/openssl1.0.1f_x64_gcc4.9_o1,3.41
openssl/openssl1.0.1f_x64_gcc4.9_o2,3.42
openssl/openssl1.0.1f_x64_gcc4.9_o3,3.43
openssl/openssl1.0.1f_x64_gcc5.5_o0,3.44
openssl/openssl1.0.1f_x64_gcc5.5_o1,3.45
openssl/openssl1.0.1f_x64_gcc5.5_o2,3.46
openssl/openssl1.0.1f_x64_gcc5.5_o3,3.47
openssl/openssl1.0.1u_arm32_gcc4.9_o0,3.48
openssl/openssl1.0.1u_arm32_gcc4.9_o1,3.49
openssl/openssl1.0.1u_arm32_gcc4.9_o2,3.50
openssl/openssl1.0.1u_arm32_gcc4.9_o3,3.51
openssl/openssl1.0.1u_arm32_gcc5.5_o0,3.56
openssl/openssl1.0.1u_arm32_gcc5.5_o1,3.57
openssl/openssl1.0.1u_arm32_gcc5.5_o2,3.58
openssl/openssl1.0.1u_arm32_gcc5.5_o3,3.59
openssl/openssl1.0.1u_i386_gcc4.9_o0,3.80
openssl/openssl1.0.1u_i386_gcc4.9_o1,3.81
openssl/openssl1.0.1u_i386_gcc4.9_o2,3.82
openssl/openssl1.0.1u_i386_gcc4.9_o3,3.83
openssl/openssl1.0.1u_i386_gcc5.5_o0,3.84
openssl/openssl1.0.1u_i386_gcc5.5_o1,3.85
openssl/openssl1.0.1u_i386_gcc5.5_o2,3.86
openssl/openssl1.0.1u_i386_gcc5.5_o3,3.87
openssl/openssl1.0.1u_x64_gcc4.9_o0,3.88
openssl/openssl1.0.1u_x64_gcc4.9_o1,3.89
openssl/openssl1.0.1u_x64_gcc4.9_o2,3.90
openssl/openssl1.0.1u_x64_gcc4.9_o3,3.91
openssl/openssl1.0.1u_x64_gcc5.5_o0,3.92
openssl/openssl1.0.1u_x64_gcc5.5_o1,3.93
openssl/openssl1.0.1u_x64_gcc5.5_o2,3.94
openssl/openssl1.0.1u_x64_gcc5.5_o3,3.95
busybox/busybox1.21.0_arm32_gcc4.9_o0,2.0
busybox/busybox1.21.0_arm32_gcc4.9_o1,2.1
busybox/busybox1.21.0_arm32_gcc4.9_o2,2.2
busybox/busybox1.21.0_arm32_gcc4.9_o3,2.3
busybox/busybox1.21.0_arm32_gcc5.5_o0,2.8
busybox/busybox1.21.0_arm32_gcc5.5_o1,2.9
busybox/busybox1.21.0_arm32_gcc5.5_o2,2.10
busybox/busybox1.21.0_arm32_gcc5.5_o3,2.11
busybox/busybox1.21.0_mipsel32_gcc4.9_o0,2.16
busybox/busybox1.21.0_mipsel32_gcc4.9_o1,2.17
busybox/busybox1.21.0_mipsel32_gcc4.9_o2,2.18
busybox/busybox1.21.0_mipsel32_gcc4.9_o3,2.19
busybox/busybox1.21.0_mipsel32_gcc5.5_o0,2.20
busybox/busybox1.21.0_mipsel32_gcc5.5_o1,2.21
busybox/busybox1.21.0_mipsel32_gcc5.5_o2,2.22
busybox/busybox1.21.0_mipsel32_gcc5.5_o3,2.23
