coreutils/coreutils6.5_arm32_gcc4.9_o0,1.0
coreutils/coreutils6.5_arm32_gcc4.9_o1,1.1
coreutils/coreutils6.5_arm32_gcc4.9_o2,1.2
coreutils/coreutils6.5_arm32_gcc4.9_o3,1.3
coreutils/coreutils6.5_arm64_gcc4.9_o0,1.4
coreutils/coreutils6.5_arm64_gcc4.9_o1,1.5
coreutils/coreutils6.5_arm64_gcc4.9_o2,1.6
coreutils/coreutils6.5_arm64_gcc4.9_o3,1.7
coreutils/coreutils6.5_arm32_gcc5.5_o0,1.8
coreutils/coreutils6.5_arm32_gcc5.5_o1,1.9
coreutils/coreutils6.5_arm32_gcc5.5_o2,1.10
coreutils/coreutils6.5_arm32_gcc5.5_o3,1.11
coreutils/coreutils6.5_arm64_gcc5.5_o0,1.12
coreutils/coreutils6.5_arm64_gcc5.5_o1,1.13
coreutils/coreutils6.5_arm64_gcc5.5_o2,1.14
coreutils/coreutils6.5_arm64_gcc5.5_o3,1.15
coreutils/coreutils6.5_mipsel32_gcc4.9_o0,1.16
coreutils/coreutils6.5_mipsel32_gcc4.9_o1,1.17
coreutils/coreutils6.5_mipsel32_gcc4.9_o2,1.18
coreutils/coreutils6.5_mipsel32_gcc4.9_o3,1.19
coreutils/coreutils6.5_mipsel32_gcc5.5_o0,1.20
coreutils/coreutils6.5_mipsel32_gcc5.5_o1,1.21
coreutils/coreutils6.5_mipsel32_gcc5.5_o2,1.22
coreutils/coreutils6.5_mipsel32_gcc5.5_o3,1.23
coreutils/coreutils6.5_mipsel64_gcc4.9_o0,1.24
coreutils/coreutils6.5_mipsel64_gcc4.9_o1,1.25
coreutils/coreutils6.5_mipsel64_gcc4.9_o2,1.26
coreutils/coreutils6.5_mipsel64_gcc4.9_o3,1.27
coreutils/coreutils6.5_mipsel64_gcc5.5_o0,1.28
coreutils/coreutils6.5_mipsel64_gcc5.5_o1,1.29
coreutils/coreutils6.5_mipsel64_gcc5.5_o2,1.30
coreutils/coreutils6.5_mipsel64_gcc5.5_o3,1.31
coreutils/coreutils6.5_i386_gcc4.9_o0,1.32
coreutils/coreutils6.5_i386_gcc4.9_o1,1.33
coreutils/coreutils6.5_i386_gcc4.9_o2,1.34
coreutils/coreutils6.5_i386_gcc4.9_o3,1.35
coreutils/coreutils6.5_i386_gcc5.5_o0,1.36
coreutils/coreutils6.5_i386_gcc5.5_o1,1.37
coreutils/coreutils6.5_i386_gcc5.5_o2,1.38
coreutils/coreutils6.5_i386_gcc5.5_o3,1.39
coreutils/coreutils6.5_x64_gcc4.9_o0,1.40
coreutils/coreutils6.5_x64_gcc4.9_o1,1.41
coreutils/coreutils6.5_x64_gcc4.9_o2,1.42
coreutils/coreutils6.5_x64_gcc4.9_o3,1.43
coreutils/coreutils6.5_x64_gcc5.5_o0,1.44
coreutils/coreutils6.5_x64_gcc5.5_o1,1.45
coreutils/coreutils6.5_x64_gcc5.5_o2,1.46
coreutils/coreutils6.5_x64_gcc5.5_o3,1.47
coreutils/coreutils6.7_arm32_gcc4.9_o0,1.48
coreutils/coreutils6.7_arm32_gcc4.9_o1,1.49
coreutils/coreutils6.7_arm32_gcc4.9_o2,1.50
coreutils/coreutils6.7_arm32_gcc4.9_o3,1.51
coreutils/coreutils6.7_arm64_gcc4.9_o0,1.52
coreutils/coreutils6.7_arm64_gcc4.9_o1,1.53
coreutils/coreutils6.7_arm64_gcc4.9_o2,1.54
coreutils/coreutils6.7_arm64_gcc4.9_o3,1.55
coreutils/coreutils6.7_arm32_gcc5.5_o0,1.56
coreutils/coreutils6.7_arm32_gcc5.5_o1,1.57
coreutils/coreutils6.7_arm32_gcc5.5_o2,1.58
coreutils/coreutils6.7_arm32_gcc5.5_o3,1.59
coreutils/coreutils6.7_arm64_gcc5.5_o0,1.60
coreutils/coreutils6.7_arm64_gcc5.5_o1,1.61
coreutils/coreutils6.7_arm64_gcc5.5_o2,1.62
coreutils/coreutils6.7_arm64_gcc5.5_o3,1.63
coreutils/coreutils6.7_mipsel32_gcc4.9_o0,1.64
coreutils/coreutils6.7_mipsel32_gcc4.9_o1,1.65
coreutils/coreutils6.7_mipsel32_gcc4.9_o2,1.66
coreutils/coreutils6.7_mipsel32_gcc4.9_o3,1.67
coreutils/coreutils6.7_mipsel32_gcc5.5_o0,1.68
coreutils/coreutils6.7_mipsel32_gcc5.5_o1,1.69
coreutils/coreutils6.7_mipsel32_gcc5.5_o2,1.70
coreutils/coreutils6.7_mipsel32_gcc5.5_o3,1.71
coreutils/coreutils6.7_mipsel64_gcc4.9_o0,1.72
coreutils/coreutils6.7_mipsel64_gcc4.9_o1,1.73
coreutils/coreutils6.7_mipsel64_gcc4.9_o2,1.74
coreutils/coreutils6.7_mipsel64_gcc4.9_o3,1.75
coreutils/coreutils6.7_mipsel64_gcc5.5_o0,1.76
coreutils/coreutils6.7_mipsel64_gcc5.5_o1,1.77
coreutils/coreutils6.7_mipsel64_gcc5.5_o2,1.78
coreutils/coreutils6.7_mipsel64_gcc5.5_o3,1.79
coreutils/coreutils6.7_i386_gcc4.9_o0,1.80
coreutils/coreutils6.7_i386_gcc4.9_o1,1.81
coreutils/coreutils6.7_i386_gcc4.9_o2,1.82
coreutils/coreutils6.7_i386_gcc4.9_o3,1.83
coreutils/coreutils6.7_i386_gcc5.5_o0,1.84
coreutils/coreutils6.7_i386_gcc5.5_o1,1.85
coreutils/coreutils6.7_i386_gcc5.5_o2,1.86
coreutils/coreutils6.7_i386_gcc5.5_o3,1.87
coreutils/coreutils6.7_x64_gcc4.9_o0,1.88
coreutils/coreutils6.7_x64_gcc4.9_o1,1.89
coreutils/coreutils6.7_x64_gcc4.9_o2,1.90
coreutils/coreutils6.7_x64_gcc4.9_o3,1.91
coreutils/coreutils6.7_x64_gcc5.5_o0,1.92
coreutils/coreutils6.7_x64_gcc5.5_o1,1.93
coreutils/coreutils6.7_x64_gcc5.5_o2,1.94
coreutils/coreutils6.7_x64_gcc5.5_o3,1.95
