busybox/busybox1.21.0_arm32_gcc4.9_o0,2.0
busybox/busybox1.21.0_arm32_gcc4.9_o1,2.1
busybox/busybox1.21.0_arm32_gcc4.9_o2,2.2
busybox/busybox1.21.0_arm32_gcc4.9_o3,2.3
busybox/busybox1.21.0_arm64_gcc4.9_o0,2.4
busybox/busybox1.21.0_arm64_gcc4.9_o1,2.5
busybox/busybox1.21.0_arm64_gcc4.9_o2,2.6
busybox/busybox1.21.0_arm64_gcc4.9_o3,2.7
busybox/busybox1.21.0_arm32_gcc5.5_o0,2.8
busybox/busybox1.21.0_arm32_gcc5.5_o1,2.9
busybox/busybox1.21.0_arm32_gcc5.5_o2,2.10
busybox/busybox1.21.0_arm32_gcc5.5_o3,2.11
busybox/busybox1.21.0_arm64_gcc5.5_o0,2.12
busybox/busybox1.21.0_arm64_gcc5.5_o1,2.13
busybox/busybox1.21.0_arm64_gcc5.5_o2,2.14
busybox/busybox1.21.0_arm64_gcc5.5_o3,2.15
busybox/busybox1.21.0_mipsel32_gcc4.9_o0,2.16
busybox/busybox1.21.0_mipsel32_gcc4.9_o1,2.17
busybox/busybox1.21.0_mipsel32_gcc4.9_o2,2.18
busybox/busybox1.21.0_mipsel32_gcc4.9_o3,2.19
busybox/busybox1.21.0_mipsel32_gcc5.5_o0,2.20
busybox/busybox1.21.0_mipsel32_gcc5.5_o1,2.21
busybox/busybox1.21.0_mipsel32_gcc5.5_o2,2.22
busybox/busybox1.21.0_mipsel32_gcc5.5_o3,2.23
busybox/busybox1.21.0_mipsel64_gcc4.9_o0,2.24
busybox/busybox1.21.0_mipsel64_gcc4.9_o1,2.25
busybox/busybox1.21.0_mipsel64_gcc4.9_o2,2.26
busybox/busybox1.21.0_mipsel64_gcc4.9_o3,2.27
busybox/busybox1.21.0_mipsel64_gcc5.5_o0,2.28
busybox/busybox1.21.0_mipsel64_gcc5.5_o1,2.29
busybox/busybox1.21.0_mipsel64_gcc5.5_o2,2.30
busybox/busybox1.21.0_mipsel64_gcc5.5_o3,2.31
busybox/busybox1.21.0_i386_gcc4.9_o0,2.32
busybox/busybox1.21.0_i386_gcc4.9_o1,2.33
busybox/busybox1.21.0_i386_gcc4.9_o2,2.34
busybox/busybox1.21.0_i386_gcc4.9_o3,2.35
busybox/busybox1.21.0_i386_gcc5.5_o0,2.36
busybox/busybox1.21.0_i386_gcc5.5_o1,2.37
busybox/busybox1.21.0_i386_gcc5.5_o2,2.38
busybox/busybox1.21.0_i386_gcc5.5_o3,2.39
busybox/busybox1.21.0_x64_gcc4.9_o0,2.40
busybox/busybox1.21.0_x64_gcc4.9_o1,2.41
busybox/busybox1.21.0_x64_gcc4.9_o2,2.42
busybox/busybox1.21.0_x64_gcc4.9_o3,2.43
busybox/busybox1.21.0_x64_gcc5.5_o0,2.44
busybox/busybox1.21.0_x64_gcc5.5_o1,2.45
busybox/busybox1.21.0_x64_gcc5.5_o2,2.46
busybox/busybox1.21.0_x64_gcc5.5_o3,2.47